gameobjid,img0,img1,resname,stype,bindex0,eindex0,time0,bindex1,eindex1,time1,bindex2,eindex2,time2,bindex3,eindex3,time3,bindex4,eindex4,time4,bindex5,eindex5,time5,bindex6,eindex6,time6,bindex7,eindex7,time7,bindex8,eindex8,time8,bindex9,eindex9,time9,bindex10,eindex10,time10,bindex11,eindex11,time11,bindex12,eindex12,time12
10000001,res/soldier,,soldier0,1,1,6,100,1,6,100,13,14,500,15,16,100,7,12,100,7,12,100,15,15,100,15,16,100,10,10,100,7,12,100,7,9,100,10,12,100,7,12,100
10000002,res/soldier,,soldier1,0,1,6,100,1,6,100,14,15,500,16,17,100,7,13,100,7,13,100,16,16,100,16,17,100,10,10,100,7,13,100,7,8,100,9,13,100,7,13,100
10000003,res/soldier,,soldier2,0,1,6,100,1,6,100,13,14,500,15,16,100,7,12,100,7,12,100,15,15,100,15,16,100,10,10,100,7,12,100,7,9,100,10,12,100,7,12,100
10000004,res/soldier,,soldier6,1,1,6,100,1,6,100,13,14,500,15,16,100,7,12,100,13,14,100,15,15,100,15,16,100,13,13,100,7,12,100,7,9,100,10,12,100,7,12,100
10000005,res/soldier,,soldier7,0,1,6,100,1,6,100,13,14,500,15,16,100,7,12,100,13,14,100,15,15,100,15,16,100,10,10,100,7,12,100,7,9,100,10,12,100,7,12,100
10000006,res/soldier,,soldier8,1,1,6,100,1,6,100,13,14,500,15,16,100,7,12,100,13,14,100,15,15,100,15,16,100,10,10,100,7,12,100,7,9,100,10,12,100,7,12,100
10000007,res/soldier,,soldier9,0,1,6,100,1,6,100,14,15,500,16,17,100,7,13,100,14,15,100,16,16,100,16,17,100,13,13,100,7,13,100,7,9,100,10,13,100,7,13,100
10000008,res/soldier,,soldier10,0,1,6,100,1,6,100,13,14,500,15,16,100,7,12,100,13,14,100,15,15,100,15,16,100,10,10,100,7,12,100,7,9,100,10,12,100,7,12,100
10000009,res/soldier,,soldier11,0,1,6,100,1,6,100,14,15,500,16,17,100,7,13,100,14,15,100,16,16,100,16,17,100,13,13,100,7,13,100,7,9,100,10,13,100,7,13,100
10000010,res/soldier,,soldier12,0,1,6,100,1,6,100,12,13,500,14,15,100,7,11,100,12,13,100,14,14,100,14,15,100,12,12,100,7,11,100,7,7,100,8,11,100,7,11,100
10000011,res/soldier,,soldier13,0,1,6,100,1,6,100,14,15,500,16,17,100,7,13,100,14,15,100,16,16,100,16,17,100,13,13,100,7,13,100,14,15,100,14,15,100,7,13,100
10000012,res/soldier,,soldier14,0,1,6,100,1,6,100,14,15,500,16,17,100,7,13,100,7,13,100,16,16,100,16,17,100,10,10,100,7,13,100,7,8,100,9,13,100,7,13,100
